[
  {
    "prefecture": {
      "name": "宗谷地方",
      "code": "011000"
    },
    "local": [
      {
        "name": "宗谷地方",
        "code": "011000"
      }
    ],
    "municipality": [
      {
        "name": "稚内",
        "code": "11016"
      }
    ]
  },
  {
    "prefecture": {
      "name": "上川・留萌地方",
      "code": "012000"
    },
    "local": [
      {
        "name": "上川地方",
        "code": "012010"
      },
      {
        "name": "留萌地方",
        "code": "012020"
      }
    ],
    "municipality": [
      {
        "name": "旭川",
        "code": "12442"
      },
      {
        "name": "留萌",
        "code": "13277"
      }
    ]
  },
  {
    "prefecture": {
      "name": "石狩・空知・後志地方",
      "code": "016000"
    },
    "local": [
      {
        "name": "石狩地方",
        "code": "016010"
      },
      {
        "name": "空知地方",
        "code": "016020"
      },
      {
        "name": "後志地方",
        "code": "016030"
      }
    ],
    "municipality": [
      {
        "name": "札幌",
        "code": "14163"
      },
      {
        "name": "岩見沢",
        "code": "15356"
      },
      {
        "name": "倶知安",
        "code": "16217"
      }
    ]
  },
  {
    "prefecture": {
      "name": "網走・北見・紋別地方",
      "code": "013000"
    },
    "local": [
      {
        "name": "網走地方",
        "code": "013010"
      },
      {
        "name": "北見地方",
        "code": "013020"
      },
      {
        "name": "紋別地方",
        "code": "013030"
      }
    ],
    "municipality": [
      {
        "name": "網走",
        "code": "17341"
      },
      {
        "name": "北見",
        "code": "17521"
      },
      {
        "name": "紋別",
        "code": "17112"
      }
    ]
  },
  {
    "prefecture": {
      "name": "釧路・根室地方",
      "code": "014100"
    },
    "local": [
      {
        "name": "釧路地方",
        "code": "014020"
      },
      {
        "name": "根室地方",
        "code": "014010"
      },
      {
        "name": "十勝地方",
        "code": "014030"
      }
    ],
    "municipality": [
      {
        "name": "釧路",
        "code": "19432"
      },
      {
        "name": "根室",
        "code": "18273"
      },
      {
        "name": "帯広",
        "code": "20432"
      }
    ]
  },
  {
    "prefecture": {
      "name": "胆振・日高地方",
      "code": "015000"
    },
    "local": [
      {
        "name": "胆振地方",
        "code": "015010"
      },
      {
        "name": "日高地方",
        "code": "015020"
      }
    ],
    "municipality": [
      {
        "name": "室蘭",
        "code": "21323"
      },
      {
        "name": "浦河",
        "code": "22327"
      }
    ]
  },
  {
    "prefecture": {
      "name": "渡島・檜山地方",
      "code": "017000"
    },
    "local": [
      {
        "name": "渡島地方",
        "code": "017010"
      },
      {
        "name": "檜山地方",
        "code": "017020"
      }
    ],
    "municipality": [
      {
        "name": "函館",
        "code": "23232"
      },
      {
        "name": "江差",
        "code": "24217"
      }
    ]
  },
  {
    "prefecture": {
      "name": "津軽",
      "code": "020000"
    },
    "local": [
      {
        "name": "津軽",
        "code": "020010"
      },
      {
        "name": "下北",
        "code": "020020"
      },
      {
        "name": "三八上北",
        "code": "020030"
      }
    ],
    "municipality": [
      {
        "name": "青森",
        "code": "31312"
      },
      {
        "name": "八戸",
        "code": "31602"
      },
      {
        "name": "むつ",
        "code": "31111"
      },
      {
        "name": "深浦",
        "code": "31436"
      },
      {
        "name": "弘前",
        "code": "31461"
      }
    ]
  },
  {
    "prefecture": {
      "name": "秋田県",
      "code": "050000"
    },
    "local": [
      {
        "name": "沿岸",
        "code": "050010"
      },
      {
        "name": "内陸",
        "code": "050020"
      }
    ],
    "municipality": [
      {
        "name": "秋田",
        "code": "32402"
      },
      {
        "name": "鷹巣",
        "code": "32126"
      },
      {
        "name": "横手",
        "code": "32596"
      }
    ]
  },
  {
    "prefecture": {
      "name": "内陸",
      "code": "030000"
    },
    "local": [
      {
        "name": "内陸",
        "code": "030010"
      },
      {
        "name": "沿岸北部",
        "code": "030020"
      },
      {
        "name": "沿岸南部",
        "code": "030030"
      }
    ],
    "municipality": [
      {
        "name": "盛岡",
        "code": "33431"
      },
      {
        "name": "宮古",
        "code": "33472"
      },
      {
        "name": "大船渡",
        "code": "33877"
      },
      {
        "name": "二戸",
        "code": "33071"
      },
      {
        "name": "一関",
        "code": "33911"
      }
    ]
  },
  {
    "prefecture": {
      "name": "東部",
      "code": "040000"
    },
    "local": [
      {
        "name": "東部",
        "code": "040010"
      },
      {
        "name": "西部",
        "code": "040020"
      }
    ],
    "municipality": [
      {
        "name": "仙台",
        "code": "34392"
      },
      {
        "name": "石巻",
        "code": "34292"
      },
      {
        "name": "古川",
        "code": "34216"
      },
      {
        "name": "白石",
        "code": "34461"
      }
    ]
  },
  {
    "prefecture": {
      "name": "山形県",
      "code": "060000"
    },
    "local": [
      {
        "name": "村山",
        "code": "060010"
      },
      {
        "name": "置賜",
        "code": "060020"
      },
      {
        "name": "庄内",
        "code": "060030"
      },
      {
        "name": "最上",
        "code": "060040"
      }
    ],
    "municipality": [
      {
        "name": "山形",
        "code": "35426"
      },
      {
        "name": "酒田",
        "code": "35052"
      },
      {
        "name": "新庄",
        "code": "35162"
      },
      {
        "name": "米沢",
        "code": "35552"
      }
    ]
  },
  {
    "prefecture": {
      "name": "中通り・浜通り",
      "code": "070000"
    },
    "local": [
      {
        "name": "中通り",
        "code": "070010"
      },
      {
        "name": "浜通り",
        "code": "070020"
      },
      {
        "name": "会津",
        "code": "070030"
      }
    ],
    "municipality": [
      {
        "name": "福島",
        "code": "36127"
      },
      {
        "name": "小名浜",
        "code": "36846"
      },
      {
        "name": "若松",
        "code": "36361"
      },
      {
        "name": "白河",
        "code": "36667"
      },
      {
        "name": "郡山",
        "code": "36476"
      },
      {
        "name": "相馬",
        "code": "36151"
      },
      {
        "name": "田島",
        "code": "36641"
      }
    ]
  },
  {
    "prefecture": {
      "name": "茨城県",
      "code": "080000"
    },
    "local": [
      {
        "name": "北部",
        "code": "080010"
      },
      {
        "name": "南部",
        "code": "080020"
      }
    ],
    "municipality": [
      {
        "name": "水戸",
        "code": "40201"
      },
      {
        "name": "土浦",
        "code": "40341"
      }
    ]
  },
  {
    "prefecture": {
      "name": "栃木県",
      "code": "090000"
    },
    "local": [
      {
        "name": "南部",
        "code": "090010"
      },
      {
        "name": "北部",
        "code": "090020"
      }
    ],
    "municipality": [
      {
        "name": "宇都宮",
        "code": "41277"
      },
      {
        "name": "大田原",
        "code": "41141"
      }
    ]
  },
  {
    "prefecture": {
      "name": "群馬県",
      "code": "100000"
    },
    "local": [
      {
        "name": "南部",
        "code": "100010"
      },
      {
        "name": "北部",
        "code": "100020"
      }
    ],
    "municipality": [
      {
        "name": "前橋",
        "code": "42251"
      },
      {
        "name": "みなかみ",
        "code": "42091"
      }
    ]
  },
  {
    "prefecture": {
      "name": "埼玉県",
      "code": "110000"
    },
    "local": [
      {
        "name": "北部",
        "code": "110020"
      },
      {
        "name": "南部",
        "code": "110010"
      },
      {
        "name": "秩父地方",
        "code": "110030"
      }
    ],
    "municipality": [
      {
        "name": "熊谷",
        "code": "43056"
      },
      {
        "name": "さいたま",
        "code": "43241"
      },
      {
        "name": "秩父",
        "code": "43156"
      }
    ]
  },
  {
    "prefecture": {
      "name": "東京地方",
      "code": "130000"
    },
    "local": [
      {
        "name": "東京地方",
        "code": "130010"
      },
      {
        "name": "伊豆諸島北部",
        "code": "130020"
      },
      {
        "name": "伊豆諸島南部",
        "code": "130030"
      },
      {
        "name": "小笠原諸島",
        "code": "130040"
      }
    ],
    "municipality": [
      {
        "name": "東京",
        "code": "44132"
      },
      {
        "name": "大島",
        "code": "44172"
      },
      {
        "name": "八丈島",
        "code": "44263"
      },
      {
        "name": "父島",
        "code": "44301"
      }
    ]
  },
  {
    "prefecture": {
      "name": "千葉県",
      "code": "120000"
    },
    "local": [
      {
        "name": "北西部",
        "code": "120010"
      },
      {
        "name": "北東部",
        "code": "120020"
      },
      {
        "name": "南部",
        "code": "120030"
      }
    ],
    "municipality": [
      {
        "name": "千葉",
        "code": "45212"
      },
      {
        "name": "銚子",
        "code": "45147"
      },
      {
        "name": "館山",
        "code": "45401"
      }
    ]
  },
  {
    "prefecture": {
      "name": "神奈川県",
      "code": "140000"
    },
    "local": [
      {
        "name": "東部",
        "code": "140010"
      },
      {
        "name": "西部",
        "code": "140020"
      }
    ],
    "municipality": [
      {
        "name": "横浜",
        "code": "46106"
      },
      {
        "name": "小田原",
        "code": "46166"
      }
    ]
  },
  {
    "prefecture": {
      "name": "長野県",
      "code": "200000"
    },
    "local": [
      {
        "name": "北部",
        "code": "200010"
      },
      {
        "name": "中部",
        "code": "200020"
      },
      {
        "name": "南部",
        "code": "200030"
      }
    ],
    "municipality": [
      {
        "name": "長野",
        "code": "48156"
      },
      {
        "name": "松本",
        "code": "48361"
      },
      {
        "name": "諏訪",
        "code": "48491"
      },
      {
        "name": "飯田",
        "code": "48767"
      },
      {
        "name": "軽井沢",
        "code": "48331"
      }
    ]
  },
  {
    "prefecture": {
      "name": "山梨県",
      "code": "190000"
    },
    "local": [
      {
        "name": "中・西部",
        "code": "190010"
      },
      {
        "name": "東部・富士五湖",
        "code": "190020"
      }
    ],
    "municipality": [
      {
        "name": "甲府",
        "code": "49142"
      },
      {
        "name": "河口湖",
        "code": "49251"
      }
    ]
  },
  {
    "prefecture": {
      "name": "静岡県",
      "code": "220000"
    },
    "local": [
      {
        "name": "中部",
        "code": "220010"
      },
      {
        "name": "西部",
        "code": "220040"
      },
      {
        "name": "東部",
        "code": "220030"
      },
      {
        "name": "伊豆",
        "code": "220020"
      }
    ],
    "municipality": [
      {
        "name": "静岡",
        "code": "50331"
      },
      {
        "name": "浜松",
        "code": "50456"
      },
      {
        "name": "御前崎",
        "code": "50551"
      },
      {
        "name": "三島",
        "code": "50206"
      },
      {
        "name": "網代",
        "code": "50281"
      },
      {
        "name": "石廊崎",
        "code": "50561"
      }
    ]
  },
  {
    "prefecture": {
      "name": "愛知県",
      "code": "230000"
    },
    "local": [
      {
        "name": "西部",
        "code": "230010"
      },
      {
        "name": "東部",
        "code": "230020"
      }
    ],
    "municipality": [
      {
        "name": "名古屋",
        "code": "51106"
      },
      {
        "name": "豊橋",
        "code": "51331"
      }
    ]
  },
  {
    "prefecture": {
      "name": "岐阜県",
      "code": "210000"
    },
    "local": [
      {
        "name": "美濃地方",
        "code": "210010"
      },
      {
        "name": "飛騨地方",
        "code": "210020"
      }
    ],
    "municipality": [
      {
        "name": "岐阜",
        "code": "52586"
      },
      {
        "name": "高山",
        "code": "52146"
      }
    ]
  },
  {
    "prefecture": {
      "name": "三重県",
      "code": "240000"
    },
    "local": [
      {
        "name": "北中部",
        "code": "240010"
      },
      {
        "name": "南部",
        "code": "240020"
      }
    ],
    "municipality": [
      {
        "name": "津",
        "code": "53133"
      },
      {
        "name": "尾鷲",
        "code": "53378"
      },
      {
        "name": "四日市",
        "code": "53061"
      },
      {
        "name": "上野",
        "code": "53112"
      }
    ]
  },
  {
    "prefecture": {
      "name": "新潟県",
      "code": "150000"
    },
    "local": [
      {
        "name": "下越",
        "code": "150010"
      },
      {
        "name": "中越",
        "code": "150020"
      },
      {
        "name": "上越",
        "code": "150030"
      },
      {
        "name": "佐渡",
        "code": "150040"
      }
    ],
    "municipality": [
      {
        "name": "新潟",
        "code": "54232"
      },
      {
        "name": "長岡",
        "code": "54501"
      },
      {
        "name": "高田",
        "code": "54651"
      },
      {
        "name": "相川",
        "code": "54157"
      },
      {
        "name": "湯沢",
        "code": "54841"
      },
      {
        "name": "津川",
        "code": "54421"
      }
    ]
  },
  {
    "prefecture": {
      "name": "富山県",
      "code": "160000"
    },
    "local": [
      {
        "name": "東部",
        "code": "160010"
      },
      {
        "name": "西部",
        "code": "160020"
      }
    ],
    "municipality": [
      {
        "name": "富山",
        "code": "55102"
      },
      {
        "name": "伏木",
        "code": "55091"
      }
    ]
  },
  {
    "prefecture": {
      "name": "石川県",
      "code": "170000"
    },
    "local": [
      {
        "name": "加賀",
        "code": "170010"
      },
      {
        "name": "能登",
        "code": "170020"
      }
    ],
    "municipality": [
      {
        "name": "金沢",
        "code": "56227"
      },
      {
        "name": "輪島",
        "code": "56052"
      }
    ]
  },
  {
    "prefecture": {
      "name": "福井県",
      "code": "180000"
    },
    "local": [
      {
        "name": "嶺北",
        "code": "180010"
      },
      {
        "name": "嶺南",
        "code": "180020"
      }
    ],
    "municipality": [
      {
        "name": "福井",
        "code": "57066"
      },
      {
        "name": "敦賀",
        "code": "57248"
      },
      {
        "name": "大野",
        "code": "57121"
      }
    ]
  },
  {
    "prefecture": {
      "name": "滋賀県",
      "code": "250000"
    },
    "local": [
      {
        "name": "南部",
        "code": "250010"
      },
      {
        "name": "北部",
        "code": "250020"
      }
    ],
    "municipality": [
      {
        "name": "大津",
        "code": "60216"
      },
      {
        "name": "彦根",
        "code": "60131"
      }
    ]
  },
  {
    "prefecture": {
      "name": "京都府",
      "code": "260000"
    },
    "local": [
      {
        "name": "南部",
        "code": "260010"
      },
      {
        "name": "北部",
        "code": "260020"
      }
    ],
    "municipality": [
      {
        "name": "京都",
        "code": "61286"
      },
      {
        "name": "舞鶴",
        "code": "61111"
      }
    ]
  },
  {
    "prefecture": {
      "name": "大阪府",
      "code": "270000"
    },
    "local": [
      {
        "name": "大阪府",
        "code": "270000"
      }
    ],
    "municipality": [
      {
        "name": "大阪",
        "code": "62078"
      }
    ]
  },
  {
    "prefecture": {
      "name": "兵庫県",
      "code": "280000"
    },
    "local": [
      {
        "name": "南部",
        "code": "280010"
      },
      {
        "name": "北部",
        "code": "280020"
      }
    ],
    "municipality": [
      {
        "name": "神戸",
        "code": "63518"
      },
      {
        "name": "豊岡",
        "code": "63051"
      },
      {
        "name": "洲本",
        "code": "63571"
      },
      {
        "name": "姫路",
        "code": "63383"
      }
    ]
  },
  {
    "prefecture": {
      "name": "奈良県",
      "code": "290000"
    },
    "local": [
      {
        "name": "北部",
        "code": "290010"
      },
      {
        "name": "南部",
        "code": "290020"
      }
    ],
    "municipality": [
      {
        "name": "奈良",
        "code": "64036"
      },
      {
        "name": "風屋",
        "code": "64227"
      }
    ]
  },
  {
    "prefecture": {
      "name": "和歌山県",
      "code": "300000"
    },
    "local": [
      {
        "name": "北部",
        "code": "300010"
      },
      {
        "name": "南部",
        "code": "300020"
      }
    ],
    "municipality": [
      {
        "name": "和歌山",
        "code": "65042"
      },
      {
        "name": "潮岬",
        "code": "65356"
      }
    ]
  },
  {
    "prefecture": {
      "name": "岡山県",
      "code": "330000"
    },
    "local": [
      {
        "name": "南部",
        "code": "330010"
      },
      {
        "name": "北部",
        "code": "330020"
      }
    ],
    "municipality": [
      {
        "name": "岡山",
        "code": "66408"
      },
      {
        "name": "津山",
        "code": "66186"
      }
    ]
  },
  {
    "prefecture": {
      "name": "広島県",
      "code": "340000"
    },
    "local": [
      {
        "name": "南部",
        "code": "340010"
      },
      {
        "name": "北部",
        "code": "340020"
      }
    ],
    "municipality": [
      {
        "name": "広島",
        "code": "67437"
      },
      {
        "name": "呉",
        "code": "67511"
      },
      {
        "name": "福山",
        "code": "67401"
      },
      {
        "name": "庄原",
        "code": "67116"
      }
    ]
  },
  {
    "prefecture": {
      "name": "島根県",
      "code": "320000"
    },
    "local": [
      {
        "name": "東部",
        "code": "320010"
      },
      {
        "name": "西部",
        "code": "320020"
      },
      {
        "name": "隠岐",
        "code": "320030"
      }
    ],
    "municipality": [
      {
        "name": "松江",
        "code": "68132"
      },
      {
        "name": "浜田",
        "code": "68376"
      },
      {
        "name": "西郷",
        "code": "68022"
      }
    ]
  },
  {
    "prefecture": {
      "name": "鳥取県",
      "code": "310000"
    },
    "local": [
      {
        "name": "東部",
        "code": "310010"
      },
      {
        "name": "中・西部",
        "code": "310020"
      }
    ],
    "municipality": [
      {
        "name": "鳥取",
        "code": "69122"
      },
      {
        "name": "米子",
        "code": "69076"
      }
    ]
  },
  {
    "prefecture": {
      "name": "徳島県",
      "code": "360000"
    },
    "local": [
      {
        "name": "北部",
        "code": "360010"
      },
      {
        "name": "南部",
        "code": "360020"
      }
    ],
    "municipality": [
      {
        "name": "徳島",
        "code": "71106"
      },
      {
        "name": "池田",
        "code": "71066"
      },
      {
        "name": "日和佐",
        "code": "71266"
      }
    ]
  },
  {
    "prefecture": {
      "name": "香川県",
      "code": "370000"
    },
    "local": [
      {
        "name": "香川県",
        "code": "370000"
      }
    ],
    "municipality": [
      {
        "name": "高松",
        "code": "72086"
      }
    ]
  },
  {
    "prefecture": {
      "name": "愛媛県",
      "code": "380000"
    },
    "local": [
      {
        "name": "中予",
        "code": "380010"
      },
      {
        "name": "東予",
        "code": "380020"
      },
      {
        "name": "南予",
        "code": "380030"
      }
    ],
    "municipality": [
      {
        "name": "松山",
        "code": "73166"
      },
      {
        "name": "新居浜",
        "code": "73141"
      },
      {
        "name": "宇和島",
        "code": "73442"
      }
    ]
  },
  {
    "prefecture": {
      "name": "高知県",
      "code": "390000"
    },
    "local": [
      {
        "name": "中部",
        "code": "390010"
      },
      {
        "name": "東部",
        "code": "390020"
      },
      {
        "name": "西部",
        "code": "390030"
      }
    ],
    "municipality": [
      {
        "name": "高知",
        "code": "74181"
      },
      {
        "name": "室戸岬",
        "code": "74372"
      },
      {
        "name": "清水",
        "code": "74516"
      }
    ]
  },
  {
    "prefecture": {
      "name": "山口県",
      "code": "350000"
    },
    "local": [
      {
        "name": "西部",
        "code": "350010"
      },
      {
        "name": "中部",
        "code": "350020"
      },
      {
        "name": "東部",
        "code": "350030"
      },
      {
        "name": "北部",
        "code": "350040"
      }
    ],
    "municipality": [
      {
        "name": "下関",
        "code": "81428"
      },
      {
        "name": "山口",
        "code": "81286"
      },
      {
        "name": "柳井",
        "code": "81481"
      },
      {
        "name": "萩",
        "code": "81071"
      }
    ]
  },
  {
    "prefecture": {
      "name": "福岡県",
      "code": "400000"
    },
    "local": [
      {
        "name": "福岡地方",
        "code": "400010"
      },
      {
        "name": "北九州地方",
        "code": "400020"
      },
      {
        "name": "筑豊地方",
        "code": "400030"
      },
      {
        "name": "筑後地方",
        "code": "400040"
      }
    ],
    "municipality": [
      {
        "name": "福岡",
        "code": "82182"
      },
      {
        "name": "八幡",
        "code": "82056"
      },
      {
        "name": "飯塚",
        "code": "82136"
      },
      {
        "name": "久留米",
        "code": "82306"
      }
    ]
  },
  {
    "prefecture": {
      "name": "大分県",
      "code": "440000"
    },
    "local": [
      {
        "name": "中部",
        "code": "440010"
      },
      {
        "name": "北部",
        "code": "440020"
      },
      {
        "name": "西部",
        "code": "440030"
      },
      {
        "name": "南部",
        "code": "440040"
      }
    ],
    "municipality": [
      {
        "name": "大分",
        "code": "83216"
      },
      {
        "name": "日田",
        "code": "83137"
      },
      {
        "name": "中津",
        "code": "83051"
      },
      {
        "name": "佐伯",
        "code": "83401"
      }
    ]
  },
  {
    "prefecture": {
      "name": "長崎県",
      "code": "420000"
    },
    "local": [
      {
        "name": "南部",
        "code": "420010"
      },
      {
        "name": "北部",
        "code": "420020"
      },
      {
        "name": "壱岐・対馬",
        "code": "420030"
      },
      {
        "name": "五島",
        "code": "420040"
      }
    ],
    "municipality": [
      {
        "name": "長崎",
        "code": "84496"
      },
      {
        "name": "佐世保",
        "code": "84266"
      },
      {
        "name": "厳原",
        "code": "84072"
      },
      {
        "name": "福江",
        "code": "84536"
      }
    ]
  },
  {
    "prefecture": {
      "name": "佐賀県",
      "code": "410000"
    },
    "local": [
      {
        "name": "南部",
        "code": "410010"
      },
      {
        "name": "北部",
        "code": "410020"
      }
    ],
    "municipality": [
      {
        "name": "佐賀",
        "code": "85142"
      },
      {
        "name": "伊万里",
        "code": "85116"
      }
    ]
  },
  {
    "prefecture": {
      "name": "熊本県",
      "code": "430000"
    },
    "local": [
      {
        "name": "熊本地方",
        "code": "430010"
      },
      {
        "name": "阿蘇地方",
        "code": "430020"
      },
      {
        "name": "天草・芦北地方",
        "code": "430030"
      },
      {
        "name": "球磨地方",
        "code": "430040"
      }
    ],
    "municipality": [
      {
        "name": "熊本",
        "code": "86141"
      },
      {
        "name": "阿蘇乙姫",
        "code": "86111"
      },
      {
        "name": "牛深",
        "code": "86491"
      },
      {
        "name": "人吉",
        "code": "86467"
      }
    ]
  },
  {
    "prefecture": {
      "name": "宮崎県",
      "code": "450000"
    },
    "local": [
      {
        "name": "南部平野部",
        "code": "450010"
      },
      {
        "name": "北部平野部",
        "code": "450020"
      },
      {
        "name": "南部山沿い",
        "code": "450030"
      },
      {
        "name": "北部山沿い",
        "code": "450040"
      }
    ],
    "municipality": [
      {
        "name": "宮崎",
        "code": "87376"
      },
      {
        "name": "延岡",
        "code": "87141"
      },
      {
        "name": "都城",
        "code": "87426"
      },
      {
        "name": "油津",
        "code": "87492"
      },
      {
        "name": "高千穂",
        "code": "87041"
      }
    ]
  },
  {
    "prefecture": {
      "name": "鹿児島県（奄美地方除く）",
      "code": "460100"
    },
    "local": [
      {
        "name": "薩摩地方",
        "code": "460010"
      },
      {
        "name": "大隅地方",
        "code": "460020"
      },
      {
        "name": "種子島・屋久島地方",
        "code": "460030"
      },
      {
        "name": "奄美地方",
        "code": "460040"
      }
    ],
    "municipality": [
      {
        "name": "鹿児島",
        "code": "88317"
      },
      {
        "name": "阿久根",
        "code": "88061"
      },
      {
        "name": "枕崎",
        "code": "88466"
      },
      {
        "name": "鹿屋",
        "code": "88442"
      },
      {
        "name": "種子島",
        "code": "88612"
      },
      {
        "name": "名瀬",
        "code": "88836"
      },
      {
        "name": "沖永良部",
        "code": "88971"
      }
    ]
  },
  {
    "prefecture": {
      "name": "沖縄本島地方",
      "code": "471000"
    },
    "local": [
      {
        "name": "本島中南部",
        "code": "471010"
      },
      {
        "name": "本島北部",
        "code": "471020"
      },
      {
        "name": "久米島",
        "code": "471030"
      }
    ],
    "municipality": [
      {
        "name": "那覇",
        "code": "91197"
      },
      {
        "name": "名護",
        "code": "91107"
      },
      {
        "name": "久米島",
        "code": "91146"
      }
    ]
  },
  {
    "prefecture": {
      "name": "大東島地方",
      "code": "472000"
    },
    "local": [
      {
        "name": "大東島地方",
        "code": "472000"
      }
    ],
    "municipality": [
      {
        "name": "南大東",
        "code": "92011"
      }
    ]
  },
  {
    "prefecture": {
      "name": "宮古島地方",
      "code": "473000"
    },
    "local": [
      {
        "name": "宮古島地方",
        "code": "473000"
      }
    ],
    "municipality": [
      {
        "name": "宮古島",
        "code": "93041"
      }
    ]
  },
  {
    "prefecture": {
      "name": "八重山地方",
      "code": "474000"
    },
    "local": [
      {
        "name": "石垣島地方",
        "code": "474010"
      },
      {
        "name": "与那国島地方",
        "code": "474020"
      }
    ],
    "municipality": [
      {
        "name": "石垣島",
        "code": "94081"
      },
      {
        "name": "与那国島",
        "code": "94017"
      }
    ]
  }
]